"Id","Category","Headline"
1,"Science","breakthrough discovery cyber research breakthrough discovery cyber research"
2,"Society","government focus youth development program government focus youth development program"
3,"Politics","health party win majority assembly election health party win majority assembly election"
4,"Business","startup digital sector attract global investor startup digital sector attract global investor"
5,"Business","sensex surge technology amid market optimism sensex surge technology amid market optimism"
6,"Entertainment","indian music festival finance draw massive crowd indian music festival finance draw massive crowd"
7,"Politics","pm inaugurate youth project delhi pm inaugurate youth project delhi"
8,"Sports","virat kohli achieve milestone space run virat kohli achieve milestone space run"
9,"Health","praise indiaâ€™s effort combate woman praise indiaâ€™s effort combate woman"
10,"Business","rbi announce climate policy framework rbi announce climate policy framework"
11,"Business","india sign trade deal health nation india sign trade deal health nation"
12,"Society","ngo support woman empowerment technology village ngo support woman empowerment technology village"
13,"Technology","digital india initiative boost health sector digital india initiative boost health sector"
14,"Sports","bcci announce schedule cyber tournament bcci announce schedule cyber tournament"
15,"Politics","digital party win majority assembly election digital party win majority assembly election"
16,"Entertainment","oscar nomination indian documentary solar oscar nomination indian documentary solar"
17,"Science","india achieve milestone woman technology india achieve milestone woman technology"
18,"Health","india launch national digital vaccination drive india launch national digital vaccination drive"
19,"Education","national education policy focus health learning national education policy focus health learning"
20,"Business","india sign trade deal digital nation india sign trade deal digital nation"
21,"Technology","isro successfully launch climate satellite isro successfully launch climate satellite"
22,"Entertainment","tollywood industry rise youth genre movie tollywood industry rise youth genre movie"
23,"Technology","indian startup develop digital app education indian startup develop digital app education"
24,"Society","citizens protest woman issue mumbai citizens protest woman issue mumbai"
25,"Society","citizens protest youth issue mumbai citizens protest youth issue mumbai"
26,"Technology","infosys partner climate technology advancement infosys partner climate technology advancement"
27,"Education","ugc introduce guideline finance program ugc introduce guideline finance program"
28,"Entertainment","netflix release indian space series netflix release indian space series"
29,"Entertainment","tollywood industry rise sport genre movie tollywood industry rise sport genre movie"
30,"Society","sport festival celebrate india joy sport festival celebrate india joy"
31,"Health","india launch national education vaccination drive india launch national education vaccination drive"
32,"Entertainment","indian music festival health draw massive crowd indian music festival health draw massive crowd"
33,"Health","aiim doctor perform successful solar surgery aiim doctor perform successful solar surgery"
34,"Environment","ngo unite protect youth wildlife ngo unite protect youth wildlife"
35,"Technology","indian startup develop climate app education indian startup develop climate app education"
36,"Entertainment","oscar nomination indian documentary sport oscar nomination indian documentary sport"
37,"Health","praise indiaâ€™s effort combate river praise indiaâ€™s effort combate river"
39,"Business","sensex surge digital amid market optimism sensex surge digital amid market optimism"
40,"Education","iit space top nirf ranking engineering iit space top nirf ranking engineering"
41,"Business","startup education sector attract global investor startup education sector attract global investor"
42,"Health","government announce education health scheme government announce education health scheme"
43,"Sports","india defeat digital thrilling cricket match india defeat digital thrilling cricket match"
44,"Entertainment","bollywood actor solar star blockbuster film bollywood actor solar star blockbuster film"
45,"Science","isro plan mission explore youth planet isro plan mission explore youth planet"
46,"Society","citizens protest space issue mumbai citizens protest space issue mumbai"
47,"Society","ngo support woman empowerment river village ngo support woman empowerment river village"
48,"Technology","infosys partner sport technology advancement infosys partner sport technology advancement"
49,"Sports","virat kohli achieve milestone health run virat kohli achieve milestone health run"
50,"Politics","election commission announce poll river election commission announce poll river"
51,"Politics","government india introduce woman policy government india introduce woman policy"
52,"Science","isro plan mission explore education planet isro plan mission explore education planet"
53,"Politics","election commission announce poll climate election commission announce poll climate"
54,"Education","iit solar top nirf ranking engineering iit solar top nirf ranking engineering"
55,"Science","climate research center receive national innovation award climate research center receive national innovation award"
56,"Entertainment","oscar nomination indian documentary education oscar nomination indian documentary education"
57,"Business","sensex surge climate amid market optimism sensex surge climate amid market optimism"
58,"Technology","indian startup develop woman app education indian startup develop woman app education"
59,"Sports","virat kohli achieve milestone youth run virat kohli achieve milestone youth run"
60,"Business","rbi announce river policy framework rbi announce river policy framework"
61,"Entertainment","netflix release indian digital series netflix release indian digital series"
62,"Entertainment","oscar nomination indian documentary woman oscar nomination indian documentary woman"
63,"Environment","forest restoration project begin education region forest restoration project begin education region"
64,"Health","praise indiaâ€™s effort combate technology praise indiaâ€™s effort combate technology"
65,"Sports","bcci announce schedule youth tournament bcci announce schedule youth tournament"
66,"Sports","indian womenâ€™s team secure victory youth final indian womenâ€™s team secure victory youth final"
68,"Environment","delhi record level cyber pollution delhi record level cyber pollution"
69,"Entertainment","tollywood industry rise solar genre movie tollywood industry rise solar genre movie"
70,"Health","study reveal rise space india study reveal rise space india"
71,"Health","study reveal rise solar india study reveal rise solar india"
72,"Society","education festival celebrate india joy education festival celebrate india joy"
74,"Science","river research center receive national innovation award river research center receive national innovation award"
75,"Society","youth volunteer organize education awareness drive youth volunteer organize education awareness drive"
76,"Entertainment","tollywood industry rise space genre movie tollywood industry rise space genre movie"
77,"Business","health company expand operation india health company expand operation india"
78,"Technology","isro successfully launch health satellite isro successfully launch health satellite"
80,"Health","praise indiaâ€™s effort combate solar praise indiaâ€™s effort combate solar"
82,"Environment","government launch health cleanup campaign government launch health cleanup campaign"
83,"Science","india achieve milestone sport technology india achieve milestone sport technology"
84,"Science","isro plan mission explore health planet isro plan mission explore health planet"
85,"Society","government focus finance development program government focus finance development program"
86,"Health","study reveal rise technology india study reveal rise technology india"
87,"Sports","virat kohli achieve milestone sport run virat kohli achieve milestone sport run"
88,"Business","india sign trade deal finance nation india sign trade deal finance nation"
89,"Health","aiim doctor perform successful river surgery aiim doctor perform successful river surgery"
90,"Business","rbi announce sport policy framework rbi announce sport policy framework"
91,"Education","ugc introduce guideline technology program ugc introduce guideline technology program"
93,"Business","india sign trade deal technology nation india sign trade deal technology nation"
94,"Science","cyber research center receive national innovation award cyber research center receive national innovation award"
96,"Science","youth research center receive national innovation award youth research center receive national innovation award"
98,"Technology","infosys partner solar technology advancement infosys partner solar technology advancement"
100,"Sports","india defeat health thrilling cricket match india defeat health thrilling cricket match"
101,"Sports","indian womenâ€™s team secure victory digital final indian womenâ€™s team secure victory digital final"
102,"Technology","indian startup develop solar app education indian startup develop solar app education"
103,"Entertainment","oscar nomination indian documentary finance oscar nomination indian documentary finance"
104,"Health","government announce climate health scheme government announce climate health scheme"
105,"Education","ugc introduce guideline cyber program ugc introduce guideline cyber program"
106,"Politics","government india introduce climate policy government india introduce climate policy"
107,"Science","india achieve milestone solar technology india achieve milestone solar technology"
108,"Education","government launch technology scholarship student government launch technology scholarship student"
110,"Health","study reveal rise woman india study reveal rise woman india"
111,"Entertainment","bollywood actor education star blockbuster film bollywood actor education star blockbuster film"
112,"Education","government launch climate scholarship student government launch climate scholarship student"
113,"Technology","digital india initiative boost technology sector digital india initiative boost technology sector"
114,"Entertainment","netflix release indian climate series netflix release indian climate series"
115,"Society","youth volunteer organize climate awareness drive youth volunteer organize climate awareness drive"
116,"Health","government announce health health scheme government announce health health scheme"
117,"Entertainment","tollywood industry rise health genre movie tollywood industry rise health genre movie"
118,"Entertainment","oscar nomination indian documentary digital oscar nomination indian documentary digital"
119,"Environment","forest restoration project begin technology region forest restoration project begin technology region"
120,"Sports","india defeat education thrilling cricket match india defeat education thrilling cricket match"
121,"Technology","digital india initiative boost digital sector digital india initiative boost digital sector"
124,"Politics","president approve river reform bill president approve river reform bill"
125,"Environment","forest restoration project begin finance region forest restoration project begin finance region"
126,"Society","climate festival celebrate india joy climate festival celebrate india joy"
127,"Sports","indian womenâ€™s team secure victory space final indian womenâ€™s team secure victory space final"
128,"Education","cbse implement education curriculum school cbse implement education curriculum school"
129,"Technology","isro successfully launch technology satellite isro successfully launch technology satellite"
130,"Technology","tcs introduce ai-driven cyber solution tcs introduce ai-driven cyber solution"
131,"Politics","president approve finance reform bill president approve finance reform bill"
133,"Society","ngo support woman empowerment woman village ngo support woman empowerment woman village"
134,"Society","digital festival celebrate india joy digital festival celebrate india joy"
135,"Business","sensex surge health amid market optimism sensex surge health amid market optimism"
136,"Environment","government launch education cleanup campaign government launch education cleanup campaign"
138,"Business","rbi announce technology policy framework rbi announce technology policy framework"
139,"Environment","government launch youth cleanup campaign government launch youth cleanup campaign"
140,"Business","rbi announce solar policy framework rbi announce solar policy framework"
141,"Society","youth volunteer organize cyber awareness drive youth volunteer organize cyber awareness drive"
142,"Sports","indian womenâ€™s team secure victory sport final indian womenâ€™s team secure victory sport final"
143,"Education","cbse implement finance curriculum school cbse implement finance curriculum school"
144,"Entertainment","bollywood actor space star blockbuster film bollywood actor space star blockbuster film"
145,"Society","youth volunteer organize river awareness drive youth volunteer organize river awareness drive"
146,"Education","iit education top nirf ranking engineering iit education top nirf ranking engineering"
147,"Sports","virat kohli achieve milestone solar run virat kohli achieve milestone solar run"
148,"Science","iit researcher develop climate renewable energy iit researcher develop climate renewable energy"
150,"Society","citizens protest sport issue mumbai citizens protest sport issue mumbai"
151,"Education","government launch space scholarship student government launch space scholarship student"
152,"Politics","election commission announce poll education election commission announce poll education"
153,"Health","praise indiaâ€™s effort combate finance praise indiaâ€™s effort combate finance"
154,"Sports","virat kohli achieve milestone digital run virat kohli achieve milestone digital run"
156,"Entertainment","netflix release indian finance series netflix release indian finance series"
157,"Entertainment","oscar nomination indian documentary technology oscar nomination indian documentary technology"
159,"Health","government announce sport health scheme government announce sport health scheme"
160,"Society","youth volunteer organize health awareness drive youth volunteer organize health awareness drive"
161,"Sports","india defeat woman thrilling cricket match india defeat woman thrilling cricket match"
162,"Sports","space win gold medal india asian games space win gold medal india asian games"
163,"Politics","pm inaugurate cyber project delhi pm inaugurate cyber project delhi"
164,"Science","csir scientist discover education compound csir scientist discover education compound"
165,"Sports","virat kohli achieve milestone river run virat kohli achieve milestone river run"
166,"Business","rbi announce digital policy framework rbi announce digital policy framework"
167,"Entertainment","netflix release indian technology series netflix release indian technology series"
168,"Education","iit youth top nirf ranking engineering iit youth top nirf ranking engineering"
169,"Health","india launch national technology vaccination drive india launch national technology vaccination drive"
170,"Society","youth festival celebrate india joy youth festival celebrate india joy"
171,"Science","health research center receive national innovation award health research center receive national innovation award"
172,"Entertainment","oscar nomination indian documentary health oscar nomination indian documentary health"
173,"Education","government launch sport scholarship student government launch sport scholarship student"
174,"Health","government announce technology health scheme government announce technology health scheme"
175,"Environment","ngo unite protect river wildlife ngo unite protect river wildlife"
176,"Health","government announce solar health scheme government announce solar health scheme"
177,"Health","aiim doctor perform successful finance surgery aiim doctor perform successful finance surgery"
180,"Entertainment","indian music festival solar draw massive crowd indian music festival solar draw massive crowd"
181,"Health","government announce woman health scheme government announce woman health scheme"
182,"Technology","infosys partner river technology advancement infosys partner river technology advancement"
183,"Business","technology company expand operation india technology company expand operation india"
184,"Environment","delhi record level youth pollution delhi record level youth pollution"
185,"Technology","infosys partner woman technology advancement infosys partner woman technology advancement"
186,"Environment","finance river rejuvenation project gain momentum finance river rejuvenation project gain momentum"
189,"Politics","woman party win majority assembly election woman party win majority assembly election"
190,"Education","cbse implement woman curriculum school cbse implement woman curriculum school"
191,"Politics","president approve education reform bill president approve education reform bill"
192,"Health","study reveal rise river india study reveal rise river india"
193,"Science","csir scientist discover climate compound csir scientist discover climate compound"
194,"Society","cyber festival celebrate india joy cyber festival celebrate india joy"
195,"Entertainment","oscar nomination indian documentary climate oscar nomination indian documentary climate"
197,"Education","iit technology top nirf ranking engineering iit technology top nirf ranking engineering"
198,"Business","cyber company expand operation india cyber company expand operation india"
201,"Technology","tcs introduce ai-driven solar solution tcs introduce ai-driven solar solution"
203,"Sports","india defeat space thrilling cricket match india defeat space thrilling cricket match"
204,"Health","india launch national space vaccination drive india launch national space vaccination drive"
207,"Business","startup cyber sector attract global investor startup cyber sector attract global investor"
210,"Entertainment","indian music festival sport draw massive crowd indian music festival sport draw massive crowd"
212,"Environment","government launch solar cleanup campaign government launch solar cleanup campaign"
213,"Technology","isro successfully launch education satellite isro successfully launch education satellite"
214,"Business","sensex surge river amid market optimism sensex surge river amid market optimism"
215,"Environment","delhi record level space pollution delhi record level space pollution"
216,"Sports","digital win gold medal india asian games digital win gold medal india asian games"
217,"Politics","cyber party win majority assembly election cyber party win majority assembly election"
219,"Politics","president approve space reform bill president approve space reform bill"
220,"Education","cbse implement river curriculum school cbse implement river curriculum school"
221,"Sports","sport win gold medal india asian games sport win gold medal india asian games"
223,"Entertainment","tollywood industry rise education genre movie tollywood industry rise education genre movie"
224,"Entertainment","tollywood industry rise technology genre movie tollywood industry rise technology genre movie"
225,"Technology","tcs introduce ai-driven sport solution tcs introduce ai-driven sport solution"
226,"Sports","indian womenâ€™s team secure victory river final indian womenâ€™s team secure victory river final"
227,"Technology","indian startup develop education app education indian startup develop education app education"
229,"Education","ugc introduce guideline solar program ugc introduce guideline solar program"
230,"Technology","isro successfully launch sport satellite isro successfully launch sport satellite"
231,"Science","solar research center receive national innovation award solar research center receive national innovation award"
232,"Politics","pm inaugurate climate project delhi pm inaugurate climate project delhi"
233,"Science","isro plan mission explore cyber planet isro plan mission explore cyber planet"
234,"Sports","bcci announce schedule health tournament bcci announce schedule health tournament"
235,"Politics","president approve sport reform bill president approve sport reform bill"
236,"Sports","indian womenâ€™s team secure victory climate final indian womenâ€™s team secure victory climate final"
237,"Politics","government india introduce youth policy government india introduce youth policy"
238,"Business","woman company expand operation india woman company expand operation india"
242,"Entertainment","indian music festival space draw massive crowd indian music festival space draw massive crowd"
244,"Education","iit woman top nirf ranking engineering iit woman top nirf ranking engineering"
245,"Sports","bcci announce schedule river tournament bcci announce schedule river tournament"
246,"Health","government announce space health scheme government announce space health scheme"
247,"Business","startup solar sector attract global investor startup solar sector attract global investor"
248,"Sports","indian womenâ€™s team secure victory solar final indian womenâ€™s team secure victory solar final"
250,"Science","india achieve milestone space technology india achieve milestone space technology"
251,"Science","space research center receive national innovation award space research center receive national innovation award"
252,"Environment","delhi record level sport pollution delhi record level sport pollution"
253,"Society","ngo support woman empowerment finance village ngo support woman empowerment finance village"
254,"Science","iit researcher develop technology renewable energy iit researcher develop technology renewable energy"
257,"Environment","solar river rejuvenation project gain momentum solar river rejuvenation project gain momentum"
259,"Business","rbi announce youth policy framework rbi announce youth policy framework"
260,"Science","woman research center receive national innovation award woman research center receive national innovation award"
261,"Politics","pm inaugurate solar project delhi pm inaugurate solar project delhi"
263,"Health","aiim doctor perform successful health surgery aiim doctor perform successful health surgery"
264,"Entertainment","tollywood industry rise digital genre movie tollywood industry rise digital genre movie"
266,"Science","india achieve milestone digital technology india achieve milestone digital technology"
270,"Environment","river river rejuvenation project gain momentum river river rejuvenation project gain momentum"
272,"Entertainment","oscar nomination indian documentary cyber oscar nomination indian documentary cyber"
273,"Society","government focus digital development program government focus digital development program"
274,"Technology","tcs introduce ai-driven river solution tcs introduce ai-driven river solution"
278,"Environment","ngo unite protect climate wildlife ngo unite protect climate wildlife"
281,"Society","ngo support woman empowerment health village ngo support woman empowerment health village"
282,"Science","isro plan mission explore woman planet isro plan mission explore woman planet"
285,"Sports","indian womenâ€™s team secure victory finance final indian womenâ€™s team secure victory finance final"
287,"Politics","government india introduce finance policy government india introduce finance policy"
288,"Entertainment","bollywood actor woman star blockbuster film bollywood actor woman star blockbuster film"
292,"Sports","bcci announce schedule climate tournament bcci announce schedule climate tournament"
294,"Politics","election commission announce poll space election commission announce poll space"
295,"Entertainment","tollywood industry rise climate genre movie tollywood industry rise climate genre movie"
296,"Sports","india defeat technology thrilling cricket match india defeat technology thrilling cricket match"
297,"Science","iit researcher develop solar renewable energy iit researcher develop solar renewable energy"
298,"Sports","virat kohli achieve milestone education run virat kohli achieve milestone education run"
299,"Politics","pm inaugurate digital project delhi pm inaugurate digital project delhi"
301,"Environment","forest restoration project begin climate region forest restoration project begin climate region"
306,"Health","india launch national sport vaccination drive india launch national sport vaccination drive"
307,"Technology","digital india initiative boost sport sector digital india initiative boost sport sector"
308,"Entertainment","bollywood actor technology star blockbuster film bollywood actor technology star blockbuster film"
309,"Business","rbi announce space policy framework rbi announce space policy framework"
311,"Business","river company expand operation india river company expand operation india"
312,"Politics","president approve solar reform bill president approve solar reform bill"
314,"Sports","bcci announce schedule solar tournament bcci announce schedule solar tournament"
315,"Politics","government india introduce digital policy government india introduce digital policy"
316,"Health","praise indiaâ€™s effort combate space praise indiaâ€™s effort combate space"
318,"Education","cbse implement climate curriculum school cbse implement climate curriculum school"
319,"Environment","forest restoration project begin river region forest restoration project begin river region"
323,"Education","ugc introduce guideline climate program ugc introduce guideline climate program"
324,"Health","aiim doctor perform successful climate surgery aiim doctor perform successful climate surgery"
326,"Entertainment","bollywood actor river star blockbuster film bollywood actor river star blockbuster film"
329,"Education","ugc introduce guideline woman program ugc introduce guideline woman program"
331,"Entertainment","bollywood actor youth star blockbuster film bollywood actor youth star blockbuster film"
332,"Education","cbse implement cyber curriculum school cbse implement cyber curriculum school"
333,"Sports","virat kohli achieve milestone finance run virat kohli achieve milestone finance run"
334,"Sports","woman win gold medal india asian games woman win gold medal india asian games"
335,"Science","isro plan mission explore finance planet isro plan mission explore finance planet"
336,"Science","isro plan mission explore digital planet isro plan mission explore digital planet"
337,"Environment","ngo unite protect woman wildlife ngo unite protect woman wildlife"
339,"Politics","government india introduce health policy government india introduce health policy"
340,"Business","sensex surge finance amid market optimism sensex surge finance amid market optimism"
342,"Science","india achieve milestone finance technology india achieve milestone finance technology"
343,"Politics","president approve technology reform bill president approve technology reform bill"
345,"Business","sensex surge cyber amid market optimism sensex surge cyber amid market optimism"
346,"Politics","government india introduce education policy government india introduce education policy"
348,"Business","india sign trade deal woman nation india sign trade deal woman nation"
350,"Sports","virat kohli achieve milestone technology run virat kohli achieve milestone technology run"
351,"Society","ngo support woman empowerment education village ngo support woman empowerment education village"
352,"Environment","woman river rejuvenation project gain momentum woman river rejuvenation project gain momentum"
355,"Technology","digital india initiative boost cyber sector digital india initiative boost cyber sector"
358,"Environment","sport river rejuvenation project gain momentum sport river rejuvenation project gain momentum"
359,"Sports","indian womenâ€™s team secure victory education final indian womenâ€™s team secure victory education final"
360,"Health","government announce cyber health scheme government announce cyber health scheme"
361,"Technology","digital india initiative boost climate sector digital india initiative boost climate sector"
363,"Technology","infosys partner cyber technology advancement infosys partner cyber technology advancement"
364,"Sports","river win gold medal india asian games river win gold medal india asian games"
366,"Sports","india defeat solar thrilling cricket match india defeat solar thrilling cricket match"
368,"Health","study reveal rise education india study reveal rise education india"
372,"Environment","digital river rejuvenation project gain momentum digital river rejuvenation project gain momentum"
373,"Environment","government launch space cleanup campaign government launch space cleanup campaign"
374,"Business","startup space sector attract global investor startup space sector attract global investor"
375,"Society","citizens protest digital issue mumbai citizens protest digital issue mumbai"
376,"Health","study reveal rise climate india study reveal rise climate india"
377,"Education","government launch digital scholarship student government launch digital scholarship student"
381,"Business","finance company expand operation india finance company expand operation india"
383,"Technology","indian startup develop sport app education indian startup develop sport app education"
384,"Society","river festival celebrate india joy river festival celebrate india joy"
385,"Health","india launch national cyber vaccination drive india launch national cyber vaccination drive"
388,"Science","iit researcher develop health renewable energy iit researcher develop health renewable energy"
389,"Business","india sign trade deal education nation india sign trade deal education nation"
390,"Health","government announce river health scheme government announce river health scheme"
391,"Politics","president approve youth reform bill president approve youth reform bill"
392,"Science","csir scientist discover health compound csir scientist discover health compound"
393,"Education","iit climate top nirf ranking engineering iit climate top nirf ranking engineering"
395,"Sports","virat kohli achieve milestone cyber run virat kohli achieve milestone cyber run"
396,"Technology","isro successfully launch cyber satellite isro successfully launch cyber satellite"
398,"Education","government launch finance scholarship student government launch finance scholarship student"
399,"Society","finance festival celebrate india joy finance festival celebrate india joy"
400,"Entertainment","indian music festival cyber draw massive crowd indian music festival cyber draw massive crowd"
401,"Society","citizens protest solar issue mumbai citizens protest solar issue mumbai"
402,"Education","government launch youth scholarship student government launch youth scholarship student"
406,"Entertainment","indian music festival technology draw massive crowd indian music festival technology draw massive crowd"
407,"Sports","bcci announce schedule education tournament bcci announce schedule education tournament"
408,"Environment","government launch finance cleanup campaign government launch finance cleanup campaign"
410,"Environment","climate river rejuvenation project gain momentum climate river rejuvenation project gain momentum"
411,"Education","national education policy focus youth learning national education policy focus youth learning"
412,"Politics","election commission announce poll health election commission announce poll health"
414,"Society","citizens protest climate issue mumbai citizens protest climate issue mumbai"
415,"Education","cbse implement health curriculum school cbse implement health curriculum school"
419,"Environment","delhi record level education pollution delhi record level education pollution"
420,"Technology","digital india initiative boost finance sector digital india initiative boost finance sector"
421,"Education","government launch education scholarship student government launch education scholarship student"
422,"Environment","government launch sport cleanup campaign government launch sport cleanup campaign"
423,"Entertainment","netflix release indian sport series netflix release indian sport series"
425,"Business","space company expand operation india space company expand operation india"
426,"Environment","ngo unite protect sport wildlife ngo unite protect sport wildlife"
427,"Health","aiim doctor perform successful technology surgery aiim doctor perform successful technology surgery"
429,"Society","youth volunteer organize sport awareness drive youth volunteer organize sport awareness drive"
430,"Society","ngo support woman empowerment cyber village ngo support woman empowerment cyber village"
436,"Society","health festival celebrate india joy health festival celebrate india joy"
439,"Business","startup health sector attract global investor startup health sector attract global investor"
440,"Society","government focus river development program government focus river development program"
443,"Science","iit researcher develop woman renewable energy iit researcher develop woman renewable energy"
445,"Society","technology festival celebrate india joy technology festival celebrate india joy"
446,"Technology","tcs introduce ai-driven finance solution tcs introduce ai-driven finance solution"
448,"Sports","indian womenâ€™s team secure victory technology final indian womenâ€™s team secure victory technology final"
450,"Sports","education win gold medal india asian games education win gold medal india asian games"
454,"Environment","forest restoration project begin woman region forest restoration project begin woman region"
456,"Society","government focus climate development program government focus climate development program"
458,"Technology","infosys partner digital technology advancement infosys partner digital technology advancement"
460,"Education","cbse implement digital curriculum school cbse implement digital curriculum school"
461,"Politics","pm inaugurate sport project delhi pm inaugurate sport project delhi"
462,"Education","national education policy focus cyber learning national education policy focus cyber learning"
463,"Society","ngo support woman empowerment climate village ngo support woman empowerment climate village"
464,"Technology","indian startup develop youth app education indian startup develop youth app education"
466,"Health","india launch national finance vaccination drive india launch national finance vaccination drive"
467,"Health","india launch national river vaccination drive india launch national river vaccination drive"
468,"Politics","election commission announce poll finance election commission announce poll finance"
469,"Environment","delhi record level solar pollution delhi record level solar pollution"
472,"Technology","tcs introduce ai-driven digital solution tcs introduce ai-driven digital solution"
473,"Politics","pm inaugurate finance project delhi pm inaugurate finance project delhi"
476,"Politics","pm inaugurate woman project delhi pm inaugurate woman project delhi"
477,"Education","iit river top nirf ranking engineering iit river top nirf ranking engineering"
478,"Entertainment","indian music festival climate draw massive crowd indian music festival climate draw massive crowd"
479,"Science","csir scientist discover cyber compound csir scientist discover cyber compound"
480,"Society","youth volunteer organize solar awareness drive youth volunteer organize solar awareness drive"
481,"Environment","health river rejuvenation project gain momentum health river rejuvenation project gain momentum"
482,"Technology","isro successfully launch finance satellite isro successfully launch finance satellite"
483,"Business","sensex surge woman amid market optimism sensex surge woman amid market optimism"
484,"Education","ugc introduce guideline youth program ugc introduce guideline youth program"
487,"Entertainment","oscar nomination indian documentary space oscar nomination indian documentary space"
489,"Technology","indian startup develop health app education indian startup develop health app education"
490,"Sports","bcci announce schedule digital tournament bcci announce schedule digital tournament"
492,"Business","sport company expand operation india sport company expand operation india"
496,"Health","praise indiaâ€™s effort combate climate praise indiaâ€™s effort combate climate"
497,"Education","national education policy focus finance learning national education policy focus finance learning"
498,"Entertainment","bollywood actor sport star blockbuster film bollywood actor sport star blockbuster film"
499,"Science","iit researcher develop cyber renewable energy iit researcher develop cyber renewable energy"
500,"Sports","india defeat youth thrilling cricket match india defeat youth thrilling cricket match"
502,"Health","praise indiaâ€™s effort combate digital praise indiaâ€™s effort combate digital"
504,"Technology","digital india initiative boost education sector digital india initiative boost education sector"
505,"Health","study reveal rise youth india study reveal rise youth india"
506,"Science","iit researcher develop finance renewable energy iit researcher develop finance renewable energy"
510,"Politics","election commission announce poll woman election commission announce poll woman"
511,"Sports","bcci announce schedule woman tournament bcci announce schedule woman tournament"
512,"Sports","technology win gold medal india asian games technology win gold medal india asian games"
514,"Sports","virat kohli achieve milestone woman run virat kohli achieve milestone woman run"
515,"Environment","space river rejuvenation project gain momentum space river rejuvenation project gain momentum"
516,"Science","india achieve milestone climate technology india achieve milestone climate technology"
518,"Politics","government india introduce technology policy government india introduce technology policy"
519,"Education","ugc introduce guideline river program ugc introduce guideline river program"
520,"Business","sensex surge sport amid market optimism sensex surge sport amid market optimism"
521,"Environment","ngo unite protect technology wildlife ngo unite protect technology wildlife"
525,"Science","csir scientist discover finance compound csir scientist discover finance compound"
526,"Science","education research center receive national innovation award education research center receive national innovation award"
530,"Environment","ngo unite protect digital wildlife ngo unite protect digital wildlife"
533,"Politics","election commission announce poll sport election commission announce poll sport"
534,"Science","isro plan mission explore technology planet isro plan mission explore technology planet"
536,"Sports","bcci announce schedule finance tournament bcci announce schedule finance tournament"
538,"Politics","education party win majority assembly election education party win majority assembly election"
542,"Technology","tcs introduce ai-driven woman solution tcs introduce ai-driven woman solution"
544,"Sports","india defeat cyber thrilling cricket match india defeat cyber thrilling cricket match"
546,"Politics","pm inaugurate technology project delhi pm inaugurate technology project delhi"
547,"Politics","government india introduce sport policy government india introduce sport policy"
550,"Entertainment","bollywood actor digital star blockbuster film bollywood actor digital star blockbuster film"
554,"Environment","ngo unite protect solar wildlife ngo unite protect solar wildlife"
557,"Society","youth volunteer organize technology awareness drive youth volunteer organize technology awareness drive"
559,"Society","ngo support woman empowerment space village ngo support woman empowerment space village"
562,"Society","youth volunteer organize woman awareness drive youth volunteer organize woman awareness drive"
565,"Entertainment","tollywood industry rise cyber genre movie tollywood industry rise cyber genre movie"
568,"Business","sensex surge education amid market optimism sensex surge education amid market optimism"
571,"Politics","president approve woman reform bill president approve woman reform bill"
573,"Environment","ngo unite protect health wildlife ngo unite protect health wildlife"
576,"Science","iit researcher develop space renewable energy iit researcher develop space renewable energy"
579,"Politics","youth party win majority assembly election youth party win majority assembly election"
581,"Technology","infosys partner health technology advancement infosys partner health technology advancement"
584,"Environment","technology river rejuvenation project gain momentum technology river rejuvenation project gain momentum"
587,"Science","csir scientist discover space compound csir scientist discover space compound"
589,"Education","national education policy focus river learning national education policy focus river learning"
592,"Environment","forest restoration project begin youth region forest restoration project begin youth region"
593,"Entertainment","indian music festival youth draw massive crowd indian music festival youth draw massive crowd"
599,"Education","national education policy focus sport learn national education policy focus sport learn"
601,"Education","iit digital top nirf ranking engineering iit digital top nirf ranking engineering"
603,"Environment","ngo unite protect education wildlife ngo unite protect education wildlife"
604,"Environment","delhi record level river pollution delhi record level river pollution"
608,"Science","india achieve milestone technology technology india achieve milestone technology technology"
614,"Education","government launch cyber scholarship student government launch cyber scholarship student"
618,"Society","citizens protest education issue mumbai citizens protest education issue mumbai"
623,"Sports","indian womenâ€™s team secure victory cyber final indian womenâ€™s team secure victory cyber final"
625,"Politics","sport party win majority assembly election sport party win majority assembly election"
629,"Health","aiim doctor perform successful sport surgery aiim doctor perform successful sport surgery"
630,"Environment","ngo unite protect finance wildlife ngo unite protect finance wildlife"
631,"Business","startup sport sector attract global investor startup sport sector attract global investor"
632,"Politics","president approve cyber reform bill president approve cyber reform bill"
637,"Health","india launch national health vaccination drive india launch national health vaccination drive"
638,"Education","national education policy focus solar learning national education policy focus solar learning"
640,"Education","iit finance top nirf ranking engineering iit finance top nirf ranking engineering"
641,"Entertainment","indian music festival digital draw massive crowd indian music festival digital draw massive crowd"
643,"Health","praise indiaâ€™s effort combate youth praise indiaâ€™s effort combate youth"
645,"Entertainment","indian music festival education draw massive crowd indian music festival education draw massive crowd"
648,"Science","finance research center receive national innovation award finance research center receive national innovation award"
657,"Business","digital company expand operation india digital company expand operation india"
658,"Entertainment","tollywood industry rise woman genre movie tollywood industry rise woman genre movie"
659,"Business","startup river sector attract global investor startup river sector attract global investor"
660,"Business","india sign trade deal sport nation india sign trade deal sport nation"
662,"Society","solar festival celebrate india joy solar festival celebrate india joy"
663,"Education","government launch river scholarship student government launch river scholarship student"
664,"Politics","election commission announce poll youth election commission announce poll youth"
666,"Science","isro plan mission explore climate planet isro plan mission explore climate planet"
667,"Science","sport research center receive national innovation award sport research center receive national innovation award"
668,"Business","education company expand operation india education company expand operation india"
670,"Politics","president approve health reform bill president approve health reform bill"
682,"Sports","bcci announce schedule space tournament bcci announce schedule space tournament"
683,"Politics","pm inaugurate health project delhi pm inaugurate health project delhi"
684,"Environment","government launch cyber cleanup campaign government launch cyber cleanup campaign"
685,"Business","rbi announce health policy framework rbi announce health policy framework"
690,"Environment","delhi record level woman pollution delhi record level woman pollution"
692,"Education","ugc introduce guideline sport program ugc introduce guideline sport program"
694,"Business","climate company expand operation india climate company expand operation india"
695,"Science","csir scientist discover technology compound csir scientist discover technology compound"
696,"Technology","tcs introduce ai-driven youth solution tcs introduce ai-driven youth solution"
699,"Health","aiim doctor perform successful youth surgery aiim doctor perform successful youth surgery"
706,"Health","india launch national climate vaccination drive india launch national climate vaccination drive"
707,"Society","citizens protest technology issue mumbai citizens protest technology issue mumbai"
710,"Entertainment","netflix release indian health series netflix release indian health series"
712,"Environment","education river rejuvenation project gain momentum education river rejuvenation project gain momentum"
713,"Entertainment","netflix release indian youth series netflix release indian youth series"
718,"Science","india achieve milestone education technology india achieve milestone education technology"
721,"Science","isro plan mission explore river planet isro plan mission explore river planet"
728,"Entertainment","indian music festival woman draw massive crowd indian music festival woman draw massive crowd"
729,"Society","space festival celebrate india joy space festival celebrate india joy"
733,"Society","ngo support woman empowerment sport village ngo support woman empowerment sport village"
734,"Society","government focus technology development program government focus technology development program"
735,"Environment","government launch digital cleanup campaign government launch digital cleanup campaign"
736,"Politics","solar party win majority assembly election solar party win majority assembly election"
737,"Business","india sign trade deal climate nation india sign trade deal climate nation"
743,"Sports","bcci announce schedule sport tournament bcci announce schedule sport tournament"
750,"Entertainment","netflix release indian river series netflix release indian river series"
758,"Education","ugc introduce guideline digital program ugc introduce guideline digital program"
759,"Education","cbse implement sport curriculum school cbse implement sport curriculum school"
764,"Sports","solar win gold medal india asian games solar win gold medal india asian games"
766,"Science","technology research center receive national innovation award technology research center receive national innovation award"
777,"Politics","technology party win majority assembly election technology party win majority assembly election"
779,"Environment","delhi record level technology pollution delhi record level technology pollution"
781,"Business","startup woman sector attract global investor startup woman sector attract global investor"
782,"Environment","delhi record level health pollution delhi record level health pollution"
783,"Society","youth volunteer organize finance awareness drive youth volunteer organize finance awareness drive"
785,"Business","startup technology sector attract global investor startup technology sector attract global investor"
789,"Health","india launch national youth vaccination drive india launch national youth vaccination drive"
801,"Sports","indian womenâ€™s team secure victory woman final indian womenâ€™s team secure victory woman final"
802,"Business","startup youth sector attract global investor startup youth sector attract global investor"
804,"Science","csir scientist discover youth compound csir scientist discover youth compound"
808,"Science","iit researcher develop education renewable energy iit researcher develop education renewable energy"
809,"Technology","infosys partner finance technology advancement infosys partner finance technology advancement"
811,"Environment","forest restoration project begin solar region forest restoration project begin solar region"
813,"Science","csir scientist discover digital compound csir scientist discover digital compound"
817,"Sports","virat kohli achieve milestone climate run virat kohli achieve milestone climate run"
818,"Business","solar company expand operation india solar company expand operation india"
826,"Politics","election commission announce poll solar election commission announce poll solar"
833,"Education","iit health top nirf ranking engineering iit health top nirf ranking engineering"
835,"Health","india launch national solar vaccination drive india launch national solar vaccination drive"
839,"Environment","government launch river cleanup campaign government launch river cleanup campaign"
840,"Health","aiim doctor perform successful digital surgery aiim doctor perform successful digital surgery"
848,"Sports","finance win gold medal india asian games finance win gold medal india asian games"
849,"Business","india sign trade deal cyber nation india sign trade deal cyber nation"
857,"Health","praise indiaâ€™s effort combate sport praise indiaâ€™s effort combate sport"
859,"Health","study reveal rise sport india study reveal rise sport india"
861,"Society","government focus sport development program government focus sport development program"
864,"Science","csir scientist discover solar compound csir scientist discover solar compound"
866,"Technology","indian startup develop river app education indian startup develop river app education"
867,"Health","study reveal rise cyber india study reveal rise cyber india"
875,"Health","praise indiaâ€™s effort combate health praise indiaâ€™s effort combate health"
878,"Technology","infosys partner education technology advancement infosys partner education technology advancement"
883,"Science","isro plan mission explore solar planet isro plan mission explore solar planet"
884,"Education","government launch health scholarship student government launch health scholarship student"
890,"Society","government focus health development program government focus health development program"
895,"Science","india achieve milestone youth technology india achieve milestone youth technology"
896,"Society","citizens protest finance issue mumbai citizens protest finance issue mumbai"
900,"Society","citizens protest health issue mumbai citizens protest health issue mumbai"
909,"Business","rbi announce finance policy framework rbi announce finance policy framework"
910,"Entertainment","netflix release indian solar series netflix release indian solar series"
921,"Health","aiim doctor perform successful education surgery aiim doctor perform successful education surgery"
925,"Politics","government india introduce solar policy government india introduce solar policy"
927,"Society","ngo support woman empowerment youth village ngo support woman empowerment youth village"
929,"Business","startup climate sector attract global investor startup climate sector attract global investor"
933,"Technology","infosys partner youth technology advancement infosys partner youth technology advancement"
934,"Environment","delhi record level climate pollution delhi record level climate pollution"
946,"Education","government launch solar scholarship student government launch solar scholarship student"
947,"Environment","youth river rejuvenation project gain momentum youth river rejuvenation project gain momentum"
950,"Science","india achieve milestone cyber technology india achieve milestone cyber technology"
952,"Technology","indian startup develop space app education indian startup develop space app education"
953,"Society","woman festival celebrate india joy woman festival celebrate india joy"
955,"Politics","president approve digital reform bill president approve digital reform bill"
958,"Business","rbi announce education policy framework rbi announce education policy framework"
962,"Environment","forest restoration project begin cyber region forest restoration project begin cyber region"
965,"Politics","finance party win majority assembly election finance party win majority assembly election"
967,"Health","praise indiaâ€™s effort combate cyber praise indiaâ€™s effort combate cyber"
970,"Sports","climate win gold medal india asian games climate win gold medal india asian games"
975,"Science","isro plan mission explore space planet isro plan mission explore space planet"
979,"Health","government announce youth health scheme government announce youth health scheme"
981,"Science","csir scientist discover sport compound csir scientist discover sport compound"
983,"Science","iit researcher develop river renewable energy iit researcher develop river renewable energy"
984,"Science","csir scientist discover river compound csir scientist discover river compound"
991,"Technology","indian startup develop finance app education indian startup develop finance app education"
1003,"Business","rbi announce cyber policy framework rbi announce cyber policy framework"
1013,"Education","government launch woman scholarship student government launch woman scholarship student"
1018,"Technology","isro successfully launch solar satellite isro successfully launch solar satellite"
1025,"Science","digital research center receive national innovation award digital research center receive national innovation award"
1033,"Education","iit cyber top nirf ranking engineering iit cyber top nirf ranking engineering"
1044,"Society","ngo support woman empowerment solar village ngo support woman empowerment solar village"
1051,"Society","citizens protest cyber issue mumbai citizens protest cyber issue mumbai"
1056,"Entertainment","oscar nomination indian documentary youth oscar nomination indian documentary youth"
1084,"Sports","india defeat sport thrilling cricket match india defeat sport thrilling cricket match"
1091,"Technology","infosys partner space technology advancement infosys partner space technology advancement"
1096,"Environment","government launch technology cleanup campaign government launch technology cleanup campaign"
1110,"Sports","india defeat finance thrilling cricket match india defeat finance thrilling cricket match"
1113,"Environment","forest restoration project begin health region forest restoration project begin health region"
1128,"Technology","isro successfully launch digital satellite isro successfully launch digital satellite"
1134,"Business","india sign trade deal river nation india sign trade deal river nation"
1136,"Politics","government india introduce river policy government india introduce river policy"
1137,"Environment","forest restoration project begin space region forest restoration project begin space region"
1156,"Business","india sign trade deal youth nation india sign trade deal youth nation"
1160,"Politics","government india introduce cyber policy government india introduce cyber policy"
1180,"Health","aiim doctor perform successful cyber surgery aiim doctor perform successful cyber surgery"
1185,"Entertainment","bollywood actor finance star blockbuster film bollywood actor finance star blockbuster film"
1188,"Technology","digital india initiative boost youth sector digital india initiative boost youth sector"
1202,"Sports","india defeat river thrilling cricket match india defeat river thrilling cricket match"
1210,"Society","youth volunteer organize digital awareness drive youth volunteer organize digital awareness drive"
1217,"Business","sensex surge space amid market optimism sensex surge space amid market optimism"
1222,"Health","india launch national woman vaccination drive india launch national woman vaccination drive"
1223,"Education","national education policy focus technology learning national education policy focus technology learning"
1227,"Technology","isro successfully launch river satellite isro successfully launch river satellite"
1228,"Sports","india defeat climate thrilling cricket match india defeat climate thrilling cricket match"
1230,"Science","iit researcher develop youth renewable energy iit researcher develop youth renewable energy"
1239,"Entertainment","indian music festival river draw massive crowd indian music festival river draw massive crowd"
1246,"Business","india sign trade deal space nation india sign trade deal space nation"
1247,"Science","india achieve milestone health technology india achieve milestone health technology"
1251,"Sports","bcci announce schedule technology tournament bcci announce schedule technology tournament"
1252,"Science","india achieve milestone river technology india achieve milestone river technology"
1253,"Business","sensex surge youth amid market optimism sensex surge youth amid market optimism"
1258,"Environment","forest restoration project begin digital region forest restoration project begin digital region"
1264,"Environment","ngo unite protect cyber wildlife ngo unite protect cyber wildlife"
1278,"Health","study reveal rise finance india study reveal rise finance india"
1282,"Environment","ngo unite protect space wildlife ngo unite protect space wildlife"
1285,"Politics","river party win majority assembly election river party win majority assembly election"
1303,"Business","india sign trade deal solar nation india sign trade deal solar nation"
1307,"Entertainment","netflix release indian cyber series netflix release indian cyber series"
1310,"Business","sensex surge solar amid market optimism sensex surge solar amid market optimism"
1314,"Health","government announce finance health scheme government announce finance health scheme"
1333,"Politics","pm inaugurate river project delhi pm inaugurate river project delhi"
1335,"Health","aiim doctor perform successful woman surgery aiim doctor perform successful woman surgery"
1346,"Technology","tcs introduce ai-driven health solution tcs introduce ai-driven health solution"
1349,"Education","cbse implement youth curriculum school cbse implement youth curriculum school"
1352,"Education","cbse implement solar curriculum school cbse implement solar curriculum school"
1353,"Education","national education policy focus space learning national education policy focus space learning"
1371,"Society","ngo support woman empowerment digital village ngo support woman empowerment digital village"
1378,"Education","national education policy focus woman learn national education policy focus woman learn"
1392,"Technology","digital india initiative boost space sector digital india initiative boost space sector"
1395,"Environment","delhi record level digital pollution delhi record level digital pollution"
1401,"Sports","youth win gold medal india asian games youth win gold medal india asian games"
1412,"Sports","indian womenâ€™s team secure victory health final indian womenâ€™s team secure victory health final"
1413,"Science","csir scientist discover woman compound csir scientist discover woman compound"
1422,"Health","government announce digital health scheme government announce digital health scheme"
1443,"Entertainment","netflix release indian woman series netflix release indian woman series"
1448,"Entertainment","bollywood actor cyber star blockbuster film bollywood actor cyber star blockbuster film"
1449,"Politics","election commission announce poll cyber election commission announce poll cyber"
1459,"Business","rbi announce woman policy framework rbi announce woman policy framework"
1466,"Education","cbse implement space curriculum school cbse implement space curriculum school"
1499,"Technology","tcs introduce ai-driven climate solution tcs introduce ai-driven climate solution"
1510,"Politics","pm inaugurate education project delhi pm inaugurate education project delhi"
1521,"Health","study reveal rise digital india study reveal rise digital india"
1527,"Health","praise indiaâ€™s effort combate education praise indiaâ€™s effort combate education"
1536,"Politics","election commission announce poll digital election commission announce poll digital"
1542,"Politics","president approve climate reform bill president approve climate reform bill"
1543,"Business","youth company expand operation india youth company expand operation india"
1577,"Politics","space party win majority assembly election space party win majority assembly election"
1581,"Environment","delhi record level finance pollution delhi record level finance pollution"
1588,"Technology","digital india initiative boost woman sector digital india initiative boost woman sector"
1608,"Society","citizens protest river issue mumbai citizens protest river issue mumbai"
1617,"Technology","digital india initiative boost river sector digital india initiative boost river sector"
1633,"Technology","infosys partner technology technology advancement infosys partner technology technology advancement"
1700,"Entertainment","tollywood industry rise finance genre movie tollywood industry rise finance genre movie"
1701,"Education","national education policy focus climate learning national education policy focus climate learning"
1709,"Society","government focus woman development program government focus woman development program"
1720,"Politics","government india introduce space policy government india introduce space policy"
1740,"Sports","health win gold medal india asian games health win gold medal india asian games"
1754,"Health","study reveal rise health india study reveal rise health india"
1771,"Technology","indian startup develop cyber app education indian startup develop cyber app education"
1779,"Society","government focus education development program government focus education development program"
1811,"Business","startup finance sector attract global investor startup finance sector attract global investor"
1819,"Society","government focus cyber development program government focus cyber development program"
1830,"Technology","tcs introduce ai-driven education solution tcs introduce ai-driven education solution"
1864,"Education","ugc introduce guideline education program ugc introduce guideline education program"
1929,"Environment","government launch climate cleanup campaign government launch climate cleanup campaign"
1932,"Environment","government launch woman cleanup campaign government launch woman cleanup campaign"
1948,"Environment","cyber river rejuvenation project gain momentum cyber river rejuvenation project gain momentum"
1954,"Society","youth volunteer organize youth awareness drive youth volunteer organize youth awareness drive"
2041,"Politics","pm inaugurate space project delhi pm inaugurate space project delhi"
2135,"Environment","forest restoration project begin sport region forest restoration project begin sport region"
2143,"Technology","digital india initiative boost solar sector digital india initiative boost solar sector"
2185,"Society","government focus solar development program government focus solar development program"
2196,"Technology","isro successfully launch space satellite isro successfully launch space satellite"
2208,"Entertainment","netflix release indian education series netflix release indian education series"
2232,"Health","aiim doctor perform successful space surgery aiim doctor perform successful space surgery"
2249,"Education","national education policy focus education learning national education policy focus education learning"
2310,"Society","government focus space development program government focus space development program"
2324,"Politics","climate party win majority assembly election climate party win majority assembly election"
2391,"Technology","indian startup develop technology app education indian startup develop technology app education"
2430,"Entertainment","tollywood industry rise river genre movie tollywood industry rise river genre movie"
2439,"Entertainment","bollywood actor climate star blockbuster film bollywood actor climate star blockbuster film"
2457,"Science","iit researcher develop sport renewable energy iit researcher develop sport renewable energy"
2546,"Entertainment","oscar nomination indian documentary river oscar nomination indian documentary river"
2636,"Education","national education policy focus digital learning national education policy focus digital learning"
2721,"Science","isro plan mission explore sport planet isro plan mission explore sport planet"
2733,"Education","ugc introduce guideline space program ugc introduce guideline space program"
2805,"Sports","cyber win gold medal india asian games cyber win gold medal india asian games"
2863,"Science","iit researcher develop digital renewable energy iit researcher develop digital renewable energy"
2938,"Entertainment","bollywood actor health star blockbuster film bollywood actor health star blockbuster film"
2966,"Politics","election commission announce poll technology election commission announce poll technology"
3039,"Technology","tcs introduce ai-driven space solution tcs introduce ai-driven space solution"
3047,"Education","ugc introduce guideline health program ugc introduce guideline health program"
3205,"Technology","isro successfully launch youth satellite isro successfully launch youth satellite"
3370,"Society","youth volunteer organize space awareness drive youth volunteer organize space awareness drive"
3392,"Education","iit sport top nirf ranking engineering iit sport top nirf ranking engineering"
3432,"Education","cbse implement technology curriculum school cbse implement technology curriculum school"
3824,"Technology","isro successfully launch woman satellite isro successfully launch woman satellite"
4033,"Technology","tcs introduce ai-driven technology solution tcs introduce ai-driven technology solution"
